"1","admin@gmail.com","$2y$13$ggw5fPZvDsOOzCcAdaxdaueLCQnliJ1TCJWIPiSFMrucl/MeJT0q2","admin","admin",NULL,NULL,"admin",NULL,0685784129
"2","host@gmail.com","$2y$13$AzGQZpCib5l9rFpiogU8R.CCLtnHRtmLguNYu9V4qNg7KPB2aytjq","host","host",NULL,NULL,"host",NULL,0685784129
"3","guest@gmail.com","$2y$13$l7g1QvcHxp8EP/t6hRsWD.jw6WZ8JkZzi8r3jv22ZjWRo5OgXcnUu","Honoré","Foucher",NULL,NULL,"guest",NULL,0685784129
"4","garcia.etienne@orange.fr","$2y$13$slDo7X2UIeTc7Gh3I66wLOXkT0.0aatRMRzuzEGFf29zW5oyZyF.e","Maggie","Pasquier",NULL,NULL,"guest",NULL,0675884129
"5","girard.gilles@noos.fr","$2y$13$wRfNxAj8WKq2VH8zEfgdCu9PgYty0xvsXTrC5yiXmXlny.8R/DP9S","Marianne","Pruvost",NULL,NULL,"host",NULL,0684764129
"6","joseph.gros@fernandes.com","$2y$13$eNvkJRnsm7oo9SxaLIPPkeSgAk83govq7S08eKoTh0z19eAOMw72S","Philippe","Bonnet",NULL,NULL,"host",NULL,0675384129
"7","odette86@laposte.net","$2y$13$WzcJEhsqm9VHkU402DXROO6fqk8d1kW8Nb6V0WLjHxVetFWM6AmmW","Céline","Bouvet",NULL,NULL,"admin",NULL,0688785129
"8","agnes.fernandez@benoit.fr","$2y$13$J1l0f9uWhGyQENQkxWhJ2ecmJYdD7fzJtWVhfhI3loSzJ7DeaRmH2","Thérèse","Devaux",NULL,NULL,"guest",NULL,0687784125
"9","gjacob@noos.fr","$2y$13$C0lHhu1NRJ/zPmtQMnfHmebq5FZckZzTEqgl6PaSXGXlPnWJPzK5K","Laurence","Dupuy",NULL,NULL,"admin",NULL,0685784129
"10","capucine.chauvet@martineau.com","$2y$13$8RFrqXB3Khdcvi8VF0gQUOewpGc1v.oXwSLw7qPw2RAuuAlkt191y","Adélaïde","Paul",NULL,NULL,"admin",NULL,0685784125
"11","wchauveau@club-internet.fr","$2y$13$aFStj1Aru6vjwQVbqdm9a./46wOxsYoojS911jkCa30.McjHeyLbi","Philippe","Lamy",NULL,NULL,"host",NULL,0685784124
"12","pchevallier@club-internet.fr","$2y$13$SlyymRK8G/VPA8EZFKTUuufRqlwQyc53z.DFPtCP2/wv0AcZ7e3Oe","François","Richard",NULL,NULL,"host",NULL,0685784127
"13","thibaut.martins@yahoo.fr","$2y$13$AI0d3bo.BwRmwonQnWUlduot8OpsHKMLyBViWilKfxtdzTFmq3rAS","Lucie","Lebreton",NULL,NULL,"host",NULL,0685784129
"14","normand.anouk@prevost.com","$2y$13$gnZ13HrUTvv0jDKL4kZAzuqnPtn8M3mow0FnYunbL5LXDQ.kkT3tO","Denise","Cousin",NULL,NULL,"guest",NULL,0695784127
"15","amelie26@jourdan.org","$2y$13$QAM8GEzFFrsyPDHj/OamoubqGTQ2ZZC3I19ksOHMoI.XzlMfiQ5/a","Antoine","Lemaitre",NULL,NULL,"guest",NULL,0625784129
"16","henriette.gauthier@gay.fr","$2y$13$AcY1W.YMLhfbZe3OZyWZvO4.cFYM857ngUdgRdJWDjKDzmImUJED6","Margaret","Payet",NULL,NULL,"guest",NULL,0685784127
"17","franck13@rey.fr","$2y$13$PMsXIu6XzSriQTNCL47Yxeng7FwL7s9xhWDKnrfVfQnpHYnpgN44i","Manon","Michel",NULL,NULL,"admin",NULL,0685784129
"18","isabelle.leger@laposte.net","$2y$13$S4IsdEKMxYoyD0lAt/LheuXhO3y0.TXZE9QXAsUXxvLmKivInOG2.","Adrienne","Delannoy",NULL,NULL,"admin",NULL,0645784123
"19","alain.diallo@maurice.fr","$2y$13$ea557KdG66CiN0e2Qd0GpecywZCKSdXGei63PLl9v6e/FeiRRlEyG","Marine","Chauvet",NULL,NULL,"host",NULL,0625784111
"20","margot.fernandes@orange.fr","$2y$13$qBhQoLHlB9CSoyAz9v3ILuODPr03vRwsyCCH6ofdnWbjN3GAHvpDK","Timothée","Munoz",NULL,NULL,"host",NULL,0685784121
